Model,AUC Score,CI Lower Bound,CI Upper Bound
SVM,0.0,-0.24113564024821846,0.24113564024821846
XGBoost,0.5,0.5,0.5
GBM,0.5,0.5,0.5
Logistic Regression,1.0,0.8028504218908465,1.1971495781091535
Random Forest,1.0,0.820363032757731,1.1796369672422689
MLP,1.0,0.696000959326731,1.3039990406732689
