Model,AUC Score,CI Lower Bound,CI Upper Bound
SVM,0.0,-0.00024375327594645087,0.00024375327594645087
XGBoost,0.5,0.5,0.5
GBM,0.5,0.5,0.5
Logistic Regression,1.0,0.8028725628982921,1.1971274371017078
Random Forest,1.0,0.8091863969442663,1.1908136030557337
MLP,1.0,0.8356387027127221,1.1643612972872779
