Model,AUC,Accuracy,Precision,Recall,F1_score
SVM,0.0,0.6666666666666666,0.6666666666666666,1.0,0.8
XGBoost,0.5,0.6666666666666666,0.6666666666666666,1.0,0.8
Logistic Regression,1.0,1.0,1.0,1.0,1.0
Random Forest,1.0,1.0,1.0,1.0,1.0
MLP,1.0,0.3333333333333333,0.0,0.0,0.0
