Model,AUC,Accuracy,Precision,Recall,F1_score
SVM,0.0,0.5714285714285714,0.5714285714285714,1.0,0.7272727272727273
XGBoost,0.5,0.5714285714285714,0.5714285714285714,1.0,0.7272727272727273
Logistic Regression,1.0,1.0,1.0,1.0,1.0
Random Forest,1.0,1.0,1.0,1.0,1.0
MLP,1.0,1.0,1.0,1.0,1.0
